rule,priority,reasons,decision,notes,reviewed_on,techniques,last_fired,detections,not_malicious_pct,event_types,log_types_named,log_types_observed
create_dump_process_dump,high,noisy: 95% of 40 closed cases not malicious,keep - expected low volume,checked with SOC lead,2026-10-05,T1003.001,2026-09-28,74,95,PROCESS_LAUNCH,,"CS_EDR, WINDOWS_SYSMON"
o365_entra_id_app_permissions_percent_threshold_exceeded,high,"cannot fire: needs event type USER_RESOURCE_UPDATE_CONTENT, not received; no usable ATT&CK tag (invisible in coverage); no evidence (not in rule health export)",,,,,,,,USER_RESOURCE_UPDATE_CONTENT,,
adfs_dkm_key_access,medium,never fired,,,,T1552.004,,0,,"USER_LOGIN, USER_RESOURCE_ACCESS",,
copy_from_or_to_admin_share_or_sysvol_folder,medium,stale: last fired 2025-08-31,,,,T1021.002,2025-08-31,37,,PROCESS_LAUNCH,,
entra_id_application_creation,medium,no usable ATT&CK tag (invisible in coverage); no evidence (not in rule health export),,,,,,,,SERVICE_CREATION,,
github_dependabot_vulnerability_alerts_disabled,medium,outdated ATT&CK ID T1562 (MITRE replaced it); not scoped by event type or log type; run rule_logtypes to see what it fires on,,,,T1685,2026-09-25,185,,,,
github_enterprise_audit_log_stream_modified,medium,outdated ATT&CK ID T1562 (MITRE replaced it); not scoped by event type or log type; run rule_logtypes to see what it fires on,,,,T1685,2026-09-24,222,,,,
github_enterprise_deleted,medium,never fired; not scoped by event type or log type; run rule_logtypes to see what it fires on,,,,T1485,,259,,,,
github_high_number_of_non_public_github_repositories_cloned,medium,stale: last fired 2025-08-31; not scoped by event type or log type; run rule_logtypes to see what it fires on,,,,T1213,2025-08-31,296,,,,
github_oauth_application_access_restrictions_disabled,medium,no usable ATT&CK tag (invisible in coverage); not scoped by event type or log type; run rule_logtypes to see what it fires on; no evidence (not in rule health export),,,,,,,,,,
github_repository_branch_protection_rules_disabled,medium,outdated ATT&CK ID T1562 (MITRE replaced it); not scoped by event type or log type; run rule_logtypes to see what it fires on,,,,T1685,2026-09-17,481,,,,
github_two_factor_authentication_requirement_disabled,medium,never fired; outdated ATT&CK ID T1562 (MITRE replaced it); not scoped by event type or log type; run rule_logtypes to see what it fires on,,,,T1685,,518,,,,
github_user_blocked_from_accessing_organization_repositories,medium,no usable ATT&CK tag (invisible in coverage); not scoped by event type or log type; run rule_logtypes to see what it fires on; no evidence (not in rule health export),,,,,,,,,,
lsass_dump_keyword_command_line,medium,stale: last fired 2025-08-31,,,,T1003.001,2025-08-31,555,,PROCESS_LAUNCH,,
ms_graph_delete_method,medium,no usable ATT&CK tag (invisible in coverage); no evidence (not in rule health export),,,,,,,,NETWORK_HTTP,,
ms_graph_estimate_access,medium,no usable ATT&CK tag (invisible in coverage); no evidence (not in rule health export),,,,,,,,NETWORK_HTTP,,
ms_graph_failed_file_downloads_multiple_attempts,medium,no usable ATT&CK tag (invisible in coverage); no evidence (not in rule health export),,,,,,,,NETWORK_HTTP,,
o365_onedrive_anonymous_link_created_updated,medium,no usable ATT&CK tag (invisible in coverage); no evidence (not in rule health export),,,,,,,,"STATUS_UPDATE, USER_RESOURCE_CREATION",,
okta_user_account_lockout,medium,never fired; not scoped by event type or log type; triggered on OKTA (8),,,,T1078,,777,,,,OKTA
okta_user_rejected_multiple_push_notifications,medium,stale: last fired 2025-08-31,,,,T1110,2025-08-31,814,,USER_UNCATEGORIZED,,
suspicious_asn_watchlist,medium,no usable ATT&CK tag (invisible in coverage); no evidence (not in rule health export),,,,,,,,NETWORK_CONNECTION,,"AZURE_AD, OFFICE_365"
github_high_number_of_non_public_github_repositories_downloaded,low,not scoped by event type or log type; run rule_logtypes to see what it fires on,,,,T1213,2026-09-21,333,,,,
github_organization_removed_from_enterprise,low,not scoped by event type or log type; run rule_logtypes to see what it fires on,,,,T1485,2026-09-20,370,,,,
github_personal_access_token_created_from_tor_ip_address,low,not scoped by event type or log type; run rule_logtypes to see what it fires on,,,,T1098,2026-09-19,407,,,,
github_repository_archived_or_deleted,low,not scoped by event type or log type; run rule_logtypes to see what it fires on,,,,T1485,2026-09-18,444,,,,
potential_credential_dumping_activity_via_lsass,low,easy to evade (MITRE robustness 1),,,,T1003.001,2026-09-05,925,,PROCESS_OPEN,,
renamed_createdump_utility_execution,low,no evidence (not in rule health export); easy to evade (MITRE robustness 1),,,,T1003.001,,,,PROCESS_LAUNCH,,
ttp_windows_suspicious_filewrites_to_sharepoint_layouts,low,no evidence (not in rule health export); easy to evade (MITRE robustness 1),,,,T1505.003,,,,"FILE_CREATION, FILE_MODIFICATION, FILE_MOVE",,
win_susp_or_malicious_service_created,low,no evidence (not in rule health export),,,,T1543.003,,,,SERVICE_CREATION,,
