log_type,event_type,product_event_type,event_count
WINEVTLOG,PROCESS_LAUNCH,,2254757
WINEVTLOG,USER_LOGIN,,1059256
WINEVTLOG,USER_CREATION,,1978847
WINEVTLOG,SERVICE_CREATION,,7541708
WINEVTLOG,SCHEDULED_TASK_CREATION,,6369386
WINEVTLOG,GROUP_MODIFICATION,,3522957
WINEVTLOG,USER_CHANGE_PASSWORD,,8185376
WINDOWS_SYSMON,PROCESS_LAUNCH,,6540406
WINDOWS_SYSMON,PROCESS_OPEN,,35833
WINDOWS_SYSMON,NETWORK_CONNECTION,,7472857
WINDOWS_SYSMON,FILE_CREATION,,3838493
WINDOWS_SYSMON,REGISTRY_MODIFICATION,,1715587
WINDOWS_SYSMON,PROCESS_MODULE_LOAD,,513714
WINDOWS_SYSMON,NETWORK_DNS,,427410
CS_EDR,PROCESS_LAUNCH,,154933
CS_EDR,NETWORK_CONNECTION,,3634434
CS_EDR,FILE_CREATION,,487723
OFFICE_365,USER_RESOURCE_ACCESS,,3719868
OFFICE_365,USER_LOGIN,,7347034
OFFICE_365,EMAIL_TRANSACTION,,3911008
AZURE_AD,USER_LOGIN,,3873797
AZURE_AD_AUDIT,USER_CHANGE_PERMISSIONS,,3671036
AZURE_AD_AUDIT,USER_CREATION,,7711366
PAN_FIREWALL,NETWORK_CONNECTION,,361037
CHECKPOINT_FIREWALL,NETWORK_CONNECTION,,1678226
CISCO_ASA_FIREWALL,NETWORK_CONNECTION,,4973105
FORTINET_FIREWALL,NETWORK_CONNECTION,,5582198
ZSCALER_WEBPROXY,NETWORK_HTTP,,8402524
INFOBLOX_DNS,NETWORK_DNS,,8518581
CISCO_ISE,USER_LOGIN,,3185649
LINUX,USER_LOGIN,,4767903
AUDITD,PROCESS_LAUNCH,,8378405
VMWARE_ESX,STATUS_UPDATE,,8477755
JIRA,USER_RESOURCE_ACCESS,,579747
CYBERARK,USER_LOGIN,,4073000
F5_BIGIP_LTM,NETWORK_HTTP,,6783328
GITHUB,USER_RESOURCE_ACCESS,,2903082
SALESFORCE,USER_LOGIN,,6286973
MCAFEE_WEBGATEWAY,NETWORK_HTTP,,7365054
SQL_SERVER,GENERIC_EVENT,,8530481
NIX_SYSTEM,STATUS_UPDATE,,2746901
CISCO_ROUTER,GENERIC_EVENT,,6598225
WINDOWS_DEFENDER_AV,SCAN_FILE,,8216193
AWS_CLOUDTRAIL,USER_RESOURCE_ACCESS,,496685
OKTA,USER_LOGIN,,2528710913
GCP_CLOUDAUDIT,USER_RESOURCE_ACCESS,,93122759
SENTINELONE_EDR,PROCESS_LAUNCH,,3094410855
SENTINELONE_EDR,FILE_CREATION,,631825398
PROOFPOINT_ON_DEMAND,EMAIL_TRANSACTION,,2672626425
CISCO_UMBRELLA,NETWORK_DNS,,206895700
WINDOWS_DHCP,NETWORK_DHCP,,224585344
BARRACUDA_WAF,NETWORK_HTTP,,25683197
WINEVTLOG,GENERIC_EVENT,4104 - Execute a Remote Command,120000
WINEVTLOG,USER_UNCATEGORIZED,5136,3400
WINEVTLOG,USER_UNCATEGORIZED,4662,90000
WINEVTLOG,USER_LOGIN,4769,880000
WINEVTLOG,STATUS_UPDATE,5145,410000
WINDOWS_SYSMON,STATUS_UPDATE,6,2100
WINDOWS_SYSMON,GENERIC_EVENT,17,15000
WINDOWS_SYSMON,GENERIC_EVENT,20,500
AWS_CLOUDTRAIL,USER_RESOURCE_ACCESS,RunInstances,300
AWS_CLOUDTRAIL,USER_RESOURCE_ACCESS,DescribeInstances,88000
AWS_CLOUDTRAIL,USER_RESOURCE_UPDATE_PERMISSIONS,AuthorizeSecurityGroupIngress,140
AWS_CLOUDTRAIL,STATUS_UPDATE,StopLogging,3
CS_EDR,GENERIC_EVENT,DriverLoad,5000
