$rule_id,$display_name,$detection_time,$detection_count,$rule_count
ru_0000,adfs_dkm_key_access,0,0,1
ru_0001,copy_from_or_to_admin_share_or_sysvol_folder,1756629468,37,1
ru_0002,create_dump_process_dump,1790584668,74,1
ru_0003,currentcontrolset_autorun_keys_modification,1790498268,111,1
ru_0004,entra_id_add_user_to_admin_role,1790411868,148,1
ru_0005,github_dependabot_vulnerability_alerts_disabled,1790325468,185,1
ru_0006,github_enterprise_audit_log_stream_modified,1790239068,222,1
ru_0007,github_enterprise_deleted,0,259,1
ru_0008,github_high_number_of_non_public_github_repositories_cloned,1756629468,296,1
ru_0009,github_high_number_of_non_public_github_repositories_downloaded,1789979868,333,1
ru_0010,github_organization_removed_from_enterprise,1789893468,370,1
ru_0011,github_personal_access_token_created_from_tor_ip_address,1789807068,407,1
ru_0012,github_repository_archived_or_deleted,1789720668,444,1
ru_0013,github_repository_branch_protection_rules_disabled,1789634268,481,1
ru_0014,github_two_factor_authentication_requirement_disabled,0,518,1
ru_0015,lsass_dump_keyword_command_line,1756629468,555,1
ru_0016,mitre_attack_T1021_002_windows_admin_share_with_user_entity,1789375068,592,1
ru_0017,mitre_attack_T1053_005_windows_creation_of_scheduled_task,1789288668,629,1
ru_0018,modify_user_shell_folders_startup_value,1789202268,666,1
ru_0019,o365_file_download,1789115868,703,1
ru_0020,okta_phishing_detection_with_fastpass_origin_check,1789029468,740,1
ru_0021,okta_user_account_lockout,0,777,1
ru_0022,okta_user_rejected_multiple_push_notifications,1756629468,814,1
ru_0023,onelogin_user_authentication_factor_removed,1788770268,851,1
ru_0024,port_proxy_forwarding_T1090_cisa_report,1788683868,888,1
ru_0025,potential_credential_dumping_activity_via_lsass,1788597468,925,1
ru_0026,potential_lsass_process_dump_via_procdump,1788511068,962,1
ru_0027,recon_environment_enumeration_network_cisa_report,1788424668,999,1
